Workbook

Sheet Summary & KPI Dashboard
A1: KEDA + HPA Baseline Autoscaler: 30-Minute Full Load Test Performance Evaluation
A2: Evaluation Window: 11:51:55 - 12:25:25 UTC | Microservice: iotoccupancy-sample-mosquitto | Total Samples: 135
A4: Key Performance Indicators (KPIs) | C4: SLA Compliance & Reliability
A5: Total Duration (min) | B5: =ROUND((ROW('Load Test Metrics'!A126)-2)*15/60, 1) | C5: SLA Target Latency (P90) | D5: 1
A6: Min Replicas | B6: =MIN('Load Test Metrics'!B2:B136) | C6: P90 Compliance (<= 1.0s) | D6: =COUNTIF('Load Test Metrics'!G2:G136, "<=1.0")/135
A7: Max Replicas | B7: =MAX('Load Test Metrics'!B2:B136) | C7: Sub-500ms P90 (<= 0.5s) | D7: =COUNTIF('Load Test Metrics'!G2:G136, "<=0.5")/135
A8: Average Replicas | B8: =AVERAGE('Load Test Metrics'!B2:B136) | C8: SLA Target Delivery Rate | D8: 0.95
A9: Peak Throughput (msg/s) | B9: =MAX('Load Test Metrics'!C2:C136) | C9: Delivery Rate Compliance (>=95%) | D9: =COUNTIF('Load Test Metrics'!F2:F136, ">=95.0")/135
A10: Avg Throughput (msg/s) | B10: =AVERAGE('Load Test Metrics'!C2:C136) | C10: Delivery Rate Compliance (>=99%) | D10: =COUNTIF('Load Test Metrics'!F2:F136, ">=99.0")/135
A11: Peak CPU Cores | B11: =MAX('Load Test Metrics'!H2:H136) | C11: Overall Mean Delivery Rate | D11: =AVERAGE('Load Test Metrics'!F2:F136)/100
A12: Avg CPU Cores | B12: =AVERAGE('Load Test Metrics'!H2:H136) | C12: Mean P90 Latency | D12: =AVERAGE('Load Test Metrics'!G2:G136)
A13: Peak Memory (MiB) | B13: =MAX('Load Test Metrics'!I2:I136) | C13: Min Delivery Rate | D13: =MIN('Load Test Metrics'!F2:F136)/100
A14: Avg Memory (MiB) | B14: =AVERAGE('Load Test Metrics'!I2:I136) | C14: Max P90 Latency | D14: =MAX('Load Test Metrics'!G2:G136)

Sheet Load Test Plan
A1: MQTT Load Testing Plan: Configuration & Expected Traffic
A2: Workload profile, client/device counts, message frequency, and expected throughput per phase.
A4: 1. Load Generator Pod Configuration (Per-Pod Parameters)
A5: Parameter | B5: Environment Variable | C5: Configured Value | D5: Description / Impact
A6: Devices / Clients per Pod | B6: NUM_CLIENTS | C6: 500 | D6: Simulated concurrent IoT devices per load tester pod
A7: Publish Interval (s) | B7: MQTT_MESSAGE_FREQUENCY | C7: 0.5 | D7: Message interval per client (0.5s = 2 msgs/sec per client)
A8: Message Rate per Client | B8: Formula: 1 / Interval | C8: 2 | D8: Messages generated per second per simulated device
A9: Expected Throughput per Pod | B9: Formula: Clients * (1/Interval) | C9: 1000 | D9: Theoretical maximum message output per load-tester pod (msg/s)
A10: Quality of Service (QoS) | B10: USE_QOS | C10: 2 | D10: MQTT QoS 2 (Exactly-once delivery with 4-step handshake)
A11: Max In-Flight Messages | B11: MAX_INFLIGHT | C11: 20 | D11: Concurrent unacknowledged QoS 2 packets allowed per client
A12: Payload Size Multiplier | B12: PAYLOAD_MULTIPLIER | C12: 1 | D12: Simulates standard multi-sensor JSON room telemetry
A13: Target Broker Deployment | B13: DEPLOYMENT_NAME | C13: iotoccupancy-sample-mosquitto | D13: Mosquitto MQTT broker in namespace 'iotoccupancy'
A16: 2. Load Test Phases: Expected Clients & Message Throughput vs Actual Performance
A17: Phase Name | B17: Step / Action | C17: Duration (min) | D17: Load Pods | E17: Simulated Devices (Clients) | F17: Expected Generation (msg/s) | G17: Avg Observed Delivered (msg/s) | H17: Generation Efficiency (%) | I17: Observed Mosquitto Replicas | J17: Operational Observations
A18: Phase 1: Ramp-Up | B18: Step 1: Baseline Load | C18: 1.25 | D18: 1 | E18: =D18*C6 | F18: =E18*C8 | G18: =AVERAGE('Load Test Metrics'!C2:C7) | H18: =G18/F18 | I18: 1 - 7 | J18: Initial scale calibration, zero message drop (P90: 0.45s)
A19: Phase 1: Ramp-Up | B19: Step 2: Moderate Load | C19: 1.25 | D19: 2 | E19: =D19*C6 | F19: =E19*C8 | G19: =AVERAGE('Load Test Metrics'!C7:C12) | H19: =G19/F19 | I19: 3 - 4 | J19: Scaled smoothly to 3-4 pods (P90: 0.37s)
A20: Phase 1: Ramp-Up | B20: Step 3: Medium Load | C20: 1.25 | D20: 4 | E20: =D20*C6 | F20: =E20*C8 | G20: =AVERAGE('Load Test Metrics'!C12:C17) | H20: =G20/F20 | I20: 3 - 4 | J20: Stable throughput delivery; scaled to 4 pods
A21: Phase 1: Ramp-Up | B21: Step 4: High Load | C21: 1.25 | D21: 6 | E21: =D21*C6 | F21: =E21*C8 | G21: =AVERAGE('Load Test Metrics'!C17:C22) | H21: =G21/F21 | I21: 4 - 6 | J21: Scaled to 6 pods with sub-400ms latency
A22: Phase 2: Spike 1 | B22: Sustained Peak 1 | C22: 5 | D22: 10 | E22: =D22*C6 | F22: =E22*C8 | G22: =AVERAGE('Load Test Metrics'!C22:C42) | H22: =G22/F22 | I22: 8 - 12 | J22: Peaked at 5,414 msg/s, dynamically allocated 12 pods
A23: Phase 3: Cool-Down 1 | B23: Step 1: Step Down High | C23: 1.67 | D23: 6 | E23: =D23*C6 | F23: =E23*C8 | G23: =AVERAGE('Load Test Metrics'!C42:C49) | H23: =G23/F23 | I23: 10 - 12 | J23: Autoscaler initiated gradual cool-down
A24: Phase 3: Cool-Down 1 | B24: Step 2: Step Down Medium | C24: 1.67 | D24: 4 | E24: =D24*C6 | F24: =E24*C8 | G24: =AVERAGE('Load Test Metrics'!C49:C55) | H24: =G24/F24 | I24: 8 - 10 | J24: Scaled down to 8 pods, maintaining 99.8% delivery
A25: Phase 3: Cool-Down 1 | B25: Step 3: Step Down Low | C25: 1.67 | D25: 2 | E25: =D25*C6 | F25: =E25*C8 | G25: =AVERAGE('Load Test Metrics'!C55:C62) | H25: =G25/F25 | I25: 5 - 6 | J25: Stabilized at 5 pods (~1,800 msg/s delivered)
A26: Phase 4: Spike 2 (Heavy) | B26: Step 1: Flash Spike (10 Pods) | C26: 5 | D26: 10 | E26: =D26*C6 | F26: =E26*C8 | G26: =AVERAGE('Load Test Metrics'!C62:C82) | H26: =G26/F26 | I26: 5 - 12 | J26: Flash crowd spike; peak burst reached 9,918 msg/s
A27: Phase 4: Spike 2 (Heavy) | B27: Step 2: Absolute Peak (12 Pods) | C27: 5 | D27: 12 | E27: =D27*C6 | F27: =E27*C8 | G27: =AVERAGE('Load Test Metrics'!C82:C102) | H27: =G27/F27 | I27: 12 - 15 | J27: Scaled to 14-15 pods, sustained ~6,800 msg/s at 99.9%
A28: Phase 5: Cool-Down 2 | B28: Step 1: Step Down 8 Pods | C28: 1.25 | D28: 8 | E28: =D28*C6 | F28: =E28*C8 | G28: =AVERAGE('Load Test Metrics'!C102:C107) | H28: =G28/F28 | I28: 13 - 14 | J28: Scaled down to 14 pods, throughput ~6,100 msg/s
A29: Phase 5: Cool-Down 2 | B29: Step 2: Step Down 6 Pods | C29: 1.25 | D29: 6 | E29: =D29*C6 | F29: =E29*C8 | G29: =AVERAGE('Load Test Metrics'!C107:C112) | H29: =G29/F29 | I29: 12 - 13 | J29: Scaled down to 12-13 pods, throughput ~4,200 msg/s
A30: Phase 5: Cool-Down 2 | B30: Step 3: Step Down 4 Pods | C30: 1.25 | D30: 4 | E30: =D30*C6 | F30: =E30*C8 | G30: =AVERAGE('Load Test Metrics'!C112:C117) | H30: =G30/F30 | I30: 8 - 10 | J30: Scaled down to 8-10 pods, throughput ~3,050 msg/s
A31: Phase 5: Cool-Down 2 | B31: Step 4: Baseline (2 Pods) | C31: 1.25 | D31: 2 | E31: =D31*C6 | F31: =E31*C8 | G31: =AVERAGE('Load Test Metrics'!C117:C126) | H31: =G31/F31 | I31: 6 - 10 | J31: Scaled down toward baseline; load test completed
A32: Total Test Window | B32: 14 Test Steps Across 5 Phases | C32: =SUM(C18:C31) | D32: =MAX(D18:D31) | E32: =MAX(E18:E31) | F32: =MAX(F18:F31) | G32: =AVERAGE(G18:G31) | H32: =AVERAGE(H18:H31) | I32: 1 - 15 | J32: Complete End-to-End Scalability Evaluated

Sheet Load Test Metrics
A1: Time (UTC) | B1: Replicas | C1: Delivered (msg/s) | D1: Expected (msg/s) | E1: Undelivered (msg/s) | F1: Delivery Rate (%) | G1: P90 Latency (s) | H1: CPU Cores | I1: Memory (MiB) | J1: Working Set Memory (MiB) | K1: Full Timestamp
A2: 11:51:55 | B2: 1 | D2: 1000 | H2: 0.001 | I2: 107.54 | J2: 12.72 | K2: 2026-10-09 11:51:55+00:00
A3: 11:52:10 | B3: 1 | D3: 1000 | H3: 0.012 | I3: 110.05 | J3: 15.23 | K3: 2026-10-09 11:52:10+00:00
A4: 11:52:25 | B4: 1 | D4: 1000 | H4: 0.055 | I4: 114.78 | J4: 19.93 | K4: 2026-10-09 11:52:25+00:00
A5: 11:52:40 | B5: 1 | C5: 172.95 | D5: 1000 | E5: 4.5 | F5: 97.46 | G5: 0.4218 | H5: 0.049 | I5: 114.78 | J5: 19.93 | K5: 2026-10-09 11:52:40+00:00
A6: 11:52:55 | B6: 1 | C6: 291.58 | D6: 1000 | E6: 4.07 | F6: 98.62 | G6: 0.2054 | H6: 0.61 | I6: 145.6 | J6: 50.4 | K6: 2026-10-09 11:52:55+00:00
A7: 11:53:10 | B7: 1 | C7: 413.92 | D7: 1000 | E7: 3.92 | F7: 99.06 | G7: 0.1017 | H7: 0.321 | I7: 146.2 | J7: 50.92 | K7: 2026-10-09 11:53:10+00:00
A8: 11:53:25 | B8: 1 | C8: 462.89 | D8: 2000 | E8: 0.91 | F8: 99.8 | G8: 0.0192 | H8: 0.282 | I8: 146.21 | J8: 50.93 | K8: 2026-10-09 11:53:25+00:00
A9: 11:53:40 | B9: 1 | C9: 542.93 | D9: 2000 | E9: 1.95 | F9: 99.64 | G9: 0.033 | H9: 0.333 | I9: 186.97 | J9: 91.12 | K9: 2026-10-09 11:53:40+00:00
A10: 11:53:55 | B10: 2 | C10: 656.91 | D10: 2000 | E10: 2.8 | F10: 99.57 | G10: 0.0394 | H10: 0.44 | I10: 191.62 | J10: 95.77 | K10: 2026-10-09 11:53:55+00:00
A11: 11:54:10 | B11: 2 | C11: 785.71 | D11: 2000 | E11: 2.92 | F11: 99.63 | G11: 0.0376 | H11: 0.744 | I11: 193.06 | J11: 97.12 | K11: 2026-10-09 11:54:10+00:00
A12: 11:54:25 | B12: 2 | C12: 917.47 | D12: 2000 | E12: 2.46 | F12: 99.73 | G12: 0.0357 | H12: 0.568 | I12: 191.2 | J12: 95 | K12: 2026-10-09 11:54:25+00:00
A13: 11:54:40 | B13: 2 | C13: 997.58 | D13: 4000 | E13: 1.11 | F13: 99.89 | G13: 0.0245 | H13: 0.388 | I13: 196.56 | J13: 100.07 | K13: 2026-10-09 11:54:40+00:00
A14: 11:54:55 | B14: 3 | C14: 972.67 | D14: 4000 | E14: 7.8 | F14: 99.2 | G14: 0.089 | H14: 0.871 | I14: 244.84 | J14: 147.36 | K14: 2026-10-09 11:54:55+00:00
A15: 11:55:10 | B15: 3 | C15: 1326.71 | D15: 4000 | E15: 65.64 | F15: 95.29 | G15: 0.3886 | H15: 1.953 | I15: 284.11 | J15: 185.21 | K15: 2026-10-09 11:55:10+00:00
A16: 11:55:25 | B16: 3 | C16: 1583.85 | D16: 4000 | E16: 59.86 | F16: 96.36 | G16: 0.3541 | H16: 2.678 | I16: 307.97 | J16: 208.97 | K16: 2026-10-09 11:55:25+00:00
... A136: 12:25:25 | B136: 4 | C136: 1911.45 | D136: 2000 | E136: 10.89 | F136: 99.43 | G136: 0.3647 | H136: 1.766 | I136: 334.18 | J136: 202.44 | K136: 2026-10-09 12:25:25+00:00
